[{
  "_id": {
    "$oid": "68b34e96b630dfb5f590299a"
  },
  "name": "UPSC",
  "upcomingDate": "2026-05-24",
  "description": "The UPSC Exam 2026 for Prelims is scheduled to be held on May 24, 2026. This highly anticipated competitive exam is conducted annually by the Union Public Service Commission to recruit candidates for various posts in the Government of India. With focused preparation, discipline, and determination, candidates can successfully qualify the UPSC CSE Exam 2026.",
  "subjects": [
    "General Studies",
    "CSAT",
    "Essay",
    "Optional Subjects"
  ],
  "questionPaperPattern": "The exam consists of Prelims (MCQs), Mains (descriptive), and Interview. Prelims has Paper I (General Studies, 200 marks, 200 questions, objective, negative marking -1/3 per wrong answer) and Paper II (CSAT, 80 questions, 200 marks, qualifying with 33% minimum). Mains has 9 papers (2 compulsory language papers, 1 essay, 4 general studies papers, 2 optional subject papers), total 1750 marks. Interview/personality test carries 275 marks. Final merit = Mains + Interview (2025 marks).",
  "eligibility": {
    "nationality": "Indian citizens (or eligible nationality)",
    "age": {
      "min": 21,
      "max": 32,
      "relaxations": "Reserved categories applicable"
    },
    "education": "Bachelor’s degree from recognized university",
    "attemptLimit": {
      "general": 6,
      "OBC": 9,
      "SCST": "Unlimited",
      "PwBD": "Relaxed"
    }
  },
  "examDates": {
    "notificationDate": "2026-01-14",
    "applicationStart": "2026-01-14",
    "applicationEnd": "2026-02-03",
    "prelims": "2026-05-24",
    "mains": "2026-08-21",
    "admitCard": null,
    "result": null,
    "interview": null,
    "finalResult": null
  },
  "examOverview": {
    "conductingBody": "Union Public Service Commission",
    "officialWebsite": [
      "https://upsc.gov.in",
      "https://upsconline.nic.in"
    ],
    "vacancies": "To be Announced",
    "examLevel": "National",
    "examMode": "Offline",
    "applicationFee": "Rs 100",
    "languages": [
      "English",
      "Hindi"
    ],
    "numberOfPapers": {
      "prelims": 2,
      "mains": 9
    },
    "stages": [
      "Prelims",
      "Mains",
      "Personality Test"
    ]
  },
  "posts": [
    "Indian Administrative Service",
    "Indian Foreign Service",
    "Indian Police Service",
    "Indian Audit and Accounts Service, Group ‘A’",
    "Indian Civil Accounts Service, Group ‘A’",
    "Indian Corporate Law Service, Group ‘A’",
    "Indian Defence Accounts Service, Group ‘A’",
    "Indian Defence Estates Service, Group ‘A’",
    "Indian Information Service, Group ‘A’",
    "Indian Postal Service, Group ‘A’",
    "Indian P&T Accounts and Finance Service, Group ‘A’",
    "Indian Railway Protection Force Service, Group ‘A’",
    "Indian Revenue Service (Customs & Indirect Taxes) Group ‘A’",
    "Indian Revenue Service (Income Tax) Group ‘A’",
    "Indian Trade Service, Group ‘A’ (Grade III)",
    "Indian Railway Management Service, Group ‘A’",
    "Armed Forces Headquarters Civil Service, Group ‘B’",
    "DANICS, Group ‘B’",
    "DANIPS, Group ‘B’",
    "PONDICS, Group ‘B’",
    "PONDIPS, Group ‘B’"
  ]
},
{
  "_id": {
    "$oid": "68b34e96b630dfb5f590299b"
  },
  "name": "JEE",
  "upcomingDate": "2025-04-15",
  "description": "Joint Entrance Examination (JEE) is a national-level engineering entrance assessment conducted for admission into IITs, NITs, IIITs, and other prestigious institutes. It is one of the toughest exams globally, conducted in two phases – JEE Main and JEE Advanced. More than 12 lakh candidates appear every year for around 11,000 seats in 23 IITs.",
  "subjects": [
    "Physics",
    "Chemistry",
    "Mathematics"
  ],
  "questionPaperPattern": "The exam is objective-based (MCQs and numerical questions) with negative marking. JEE Main is computer-based (online), while JEE Advanced is held in a combination of formats as decided by IITs.",
  "eligibility": {
    "nationality": "Indian citizens (or eligible foreign candidates as per guidelines)",
    "age": {
      "min": 17,
      "max": 25,
      "relaxations": "Reserved categories (SC/ST/OBC-NCL, PwD) have age relaxations as per rules"
    },
    "education": "Candidates must have passed Class 12 (10+2) or equivalent with Physics, Chemistry, and Mathematics.",
    "attemptLimit": {
      "jeeMain": "3 consecutive years",
      "jeeAdvanced": "2 consecutive years"
    }
  },
  "examDates": {
    "notificationDate": "2024-11-01",
    "applicationStart": "2024-11-01",
    "applicationEnd": "2024-12-01",
    "jeeMain": "2025-01-24",
    "jeeAdvanced": "2025-04-15",
    "admitCard": null,
    "result": null
  },
  "examOverview": {
    "conductingBody": "National Testing Agency (JEE Main), IITs (JEE Advanced)",
    "officialWebsite": [
      "https://jeemain.nta.ac.in",
      "https://jeeadv.ac.in"
    ],
    "vacancies": "Around 11,000 seats in 23 IITs, along with NITs, IIITs, and GFTIs",
    "examLevel": "National",
    "examMode": "Computer-Based Test (CBT)",
    "applicationFee": "Varies by category and gender (₹650 for General Male candidates, reduced for females and reserved categories)",
    "languages": [
      "English",
      "Hindi",
      "Regional Languages (as notified)"
    ],
    "numberOfPapers": {
      "jeeMain": 2,
      "jeeAdvanced": 2
    },
    "stages": [
      "JEE Main",
      "JEE Advanced",
      "Counselling (JoSAA)"
    ]
  },
  "posts": [
    "Admission to IITs (23 Institutes)",
    "Admission to NITs",
    "Admission to IIITs",
    "Admission to GFTIs",
    "Engineering seats in other top institutes through JEE Main rank"
  ]
},
{
  "_id": {
    "$oid": "68b34e96b630dfb5f590299c"
  },
  "name": "NEET",
  "upcomingDate": "2025-05-04",
  "description": "The National Eligibility cum Entrance Test (NEET) is the sole medical entrance exam in India for admission to MBBS, BDS, BAMS, BHMS, BSMS, BUMS, BVSc & AH, and other undergraduate medical courses in government and private institutions. It is one of the largest exams in the world, with more than 20 lakh candidates appearing every year.",
  "subjects": [
    "Physics",
    "Chemistry",
    "Biology"
  ],
  "questionPaperPattern": "The exam consists of 200 objective-type questions (MCQs), of which 180 need to be attempted. Each correct answer carries 4 marks, and 1 mark is deducted for every wrong answer.",
  "eligibility": {
    "nationality": "Indian citizens, OCI, NRI, and foreign nationals (as per official guidelines)",
    "age": {
      "min": 17,
      "max": 25,
      "relaxations": "Reserved categories (SC/ST/OBC-NCL, PwD) have age relaxations as per rules"
    },
    "education": "Candidates must have passed Class 12 (10+2) or equivalent with Physics, Chemistry, Biology/Biotechnology, and English as core subjects.",
    "attemptLimit": "No limit on the number of attempts (as per latest guidelines)"
  },
  "examDates": {
    "notificationDate": "2025-01-01",
    "applicationStart": "2025-01-01",
    "applicationEnd": "2025-02-15",
    "examDate": "2025-05-04",
    "admitCard": null,
    "result": null,
    "counselling": null
  },
  "examOverview": {
    "conductingBody": "National Testing Agency (NTA)",
    "officialWebsite": [
      "https://neet.nta.nic.in",
      "https://nta.ac.in"
    ],
    "vacancies": "Approx. 1,00,000+ seats across MBBS, BDS, AYUSH, and Veterinary courses",
    "examLevel": "National",
    "examMode": "Offline (Pen-and-Paper based)",
    "applicationFee": "₹1700 (General), ₹1600 (EWS/OBC), ₹1000 (SC/ST/PwD), additional charges may apply",
    "languages": [
      "English",
      "Hindi",
      "Assamese",
      "Bengali",
      "Gujarati",
      "Kannada",
      "Marathi",
      "Odia",
      "Punjabi",
      "Tamil",
      "Telugu",
      "Urdu"
    ],
    "numberOfPapers": {
      "singlePaper": 1
    },
    "stages": [
      "NEET Exam",
      "Result Declaration",
      "Counselling (AIQ + State Quota)"
    ]
  },
  "posts": [
    "MBBS Admission",
    "BDS Admission",
    "AYUSH Courses (BAMS, BHMS, BSMS, BUMS)",
    "BVSc & AH",
    "Nursing and Allied Health Sciences (selected institutes)"
  ]
}]